{"cameraMode":{"drawMode":0,"name":"Shaded","section":"Shading Mode"},"sceneLighting":false,"audioPlay":false,"sceneViewState":{"showFog":true,"showMaterialUpdate":false,"showSkybox":false,"showFlares":true,"showImageEffects":true,"showParticleSystems":true},"in2DMode":false,"pivot":{"x":0.09999999403953552,"y":1.5,"z":0.09999999403953552},"rotation":{"x":0.32942479848861697,"y":0.493367463350296,"z":-0.20906324684619904,"w":0.777407169342041},"size":17.928857803344728,"orthographic":false}