{"cameraMode":{"drawMode":0,"name":"Shaded","section":"Shading Mode"},"sceneLighting":true,"audioPlay":false,"sceneViewState":{"showFog":true,"showMaterialUpdate":false,"showSkybox":true,"showFlares":true,"showImageEffects":true,"showParticleSystems":true},"in2DMode":false,"pivot":{"x":275.49224853515627,"y":15.520528793334961,"z":71.64605712890625},"rotation":{"x":0.15908119082450868,"y":-0.7947162389755249,"z":0.2356749325990677,"w":0.5363207459449768},"size":27.015920639038087,"orthographic":false}