{"cameraMode":{"drawMode":0,"name":"Shaded","section":"Shading Mode"},"sceneLighting":false,"audioPlay":false,"sceneViewState":{"showFog":true,"showMaterialUpdate":false,"showSkybox":false,"showFlares":true,"showImageEffects":true,"showParticleSystems":true},"in2DMode":false,"pivot":{"x":-1.1920928955078126e-7,"y":1.6248208284378052,"z":-1.1920928955078126e-7},"rotation":{"x":-0.1922224462032318,"y":0.7346199750900269,"z":-0.23233313858509065,"w":-0.6077907681465149},"size":2.0263993740081789,"orthographic":false}