{"cameraMode":{"drawMode":0,"name":"Shaded","section":"Shading Mode"},"sceneLighting":true,"audioPlay":false,"sceneViewState":{"showFog":true,"showMaterialUpdate":false,"showSkybox":true,"showFlares":true,"showImageEffects":true,"showParticleSystems":true},"in2DMode":false,"pivot":{"x":136.42018127441407,"y":-230.03855895996095,"z":-90.37423706054688},"rotation":{"x":-0.010973663069307804,"y":0.9316582083702087,"z":-0.3622252941131592,"w":-0.028276318684220315},"size":212.6964874267578,"orthographic":false}