{"cameraMode":{"drawMode":0,"name":"Shaded","section":"Shading Mode"},"sceneLighting":false,"audioPlay":false,"sceneViewState":{"showFog":true,"showMaterialUpdate":false,"showSkybox":false,"showFlares":true,"showImageEffects":true,"showParticleSystems":true},"in2DMode":false,"pivot":{"x":-1.7535165548324586,"y":6.643595218658447,"z":-13.8513765335083},"rotation":{"x":0.024853691458702089,"y":-0.8276260495185852,"z":0.03678889572620392,"w":0.5595864653587341},"size":1.1388108730316163,"orthographic":false}