{"cameraMode":{"drawMode":0,"name":"Shaded","section":"Shading Mode"},"sceneLighting":false,"audioPlay":false,"sceneViewState":{"showFog":true,"showMaterialUpdate":false,"showSkybox":false,"showFlares":true,"showImageEffects":true,"showParticleSystems":true},"in2DMode":false,"pivot":{"x":960.0003051757813,"y":540.0000610351563,"z":0.00014495849609375},"rotation":{"x":0.0812046080827713,"y":0.8074821829795837,"z":-0.11435868591070175,"w":0.5731098055839539},"size":1104.362060546875,"orthographic":false}