{"cameraMode":{"drawMode":0,"name":"Shaded","section":"Shading Mode"},"sceneLighting":true,"audioPlay":false,"sceneViewState":{"showFog":true,"showMaterialUpdate":false,"showSkybox":false,"showFlares":true,"showImageEffects":true,"showParticleSystems":true},"in2DMode":false,"pivot":{"x":-3.8107376098632814,"y":6.850218772888184,"z":-4.496644020080566},"rotation":{"x":-0.08471817523241043,"y":0.23592299222946168,"z":-0.020650899037718774,"w":-0.9678513407707214},"size":14.429240226745606,"orthographic":false}