{"cameraMode":{"drawMode":0,"name":"Shaded","section":"Shading Mode"},"sceneLighting":true,"audioPlay":false,"sceneViewState":{"showFog":true,"showMaterialUpdate":false,"showSkybox":true,"showFlares":true,"showImageEffects":true,"showParticleSystems":true},"in2DMode":false,"pivot":{"x":0.5612704753875732,"y":6.120651721954346,"z":-17.74350357055664},"rotation":{"x":0.12668859958648683,"y":-0.8699674010276794,"z":0.3757408559322357,"w":0.2932773530483246},"size":2.0808653831481935,"orthographic":false}