{"cameraMode":{"drawMode":0,"name":"Shaded","section":"Shading Mode"},"sceneLighting":true,"audioPlay":false,"sceneViewState":{"showFog":true,"showMaterialUpdate":false,"showSkybox":true,"showFlares":true,"showImageEffects":true,"showParticleSystems":true},"in2DMode":false,"pivot":{"x":1.3913534879684449,"y":6.612732410430908,"z":-19.319427490234376},"rotation":{"x":0.0476844385266304,"y":-0.15817001461982728,"z":0.007637009024620056,"w":0.9862530827522278},"size":2.1393513679504396,"orthographic":false}